First,Last,Address,Phone_Number
Jairo,Patterson,"67 Ann Street, Houston, TX 77065",(595) 275-6872
Karla,Padilla,"8369 Bay Meadows St., San Antonio, TX 78240",(168) 229-1100
Camilla,Willis,"675 Clark Ave., Plainview, TX 79072",(475) 267-4129
Shelby,Huffman,"7294 Golden Star Street, Dallas, TX 75234",(660) 305-8946
Santino,Townsend,"31 Addison Street, Carrollton, TX 75007",(486) 958-6826
Rylan,Holloway,"9832 Heather Street, New Braunfels, TX 78130",(740) 828-6271
Joy,Armstrong,"7865 Woodland Court, Edinburg, TX 78539",(510) 508-7377
Norah,Sanford,"8902 3rd St., Laredo, TX 78045",(131) 697-5209
Juan,Clay,"940 Jackson Dr., Irving, TX 75061",(756) 325-4960
Dixie,Herman,"899 2nd Ave., Houston, TX 77064",(716) 746-2163
Kylie,Dunlap,"4 Saxton Court, El Paso, TX 79912",(149) 807-7131
Ellen,Drake,"9212 Redwood Road, Houston, TX 77080",(562) 739-3727
Madyson,Palmer,"122 Sulphur Springs St., Killeen, TX 76544",(494) 142-9419
Maverick,Bender,"314 Wagon Drive, Richmond, TX 77469",(539) 694-5052
Aidan,Lutz,"9916 Edgewater St., Dallas, TX 75208",(786) 388-1496
Taliyah,Barajas,"9778 Bishop Dr., Irving, TX 75061",(501) 127-1700
Titus,Burgess,"7259 Deerfield Drive, El Paso, TX 79915",(725) 808-7669
Jay,Stanton,"915 Roosevelt Ave., Houston, TX 77062",(673) 752-5508
Jasiah,Thompson,"99 Coffee St., Humble, TX 77339",(319) 973-8749
Marshall,Mendoza,"8976 Creek Rd., El Paso, TX 79930",(581) 487-5691
Pranav,Brady,"4 Westminster Lane, Austin, TX 78741",(480) 288-7159
Gerardo,Compton,"68 Hamilton St., Mission, TX 78572",(131) 902-8020
Janelle,Wolfe,"713 Lower River Rd., Amarillo, TX 79106",(703) 318-4886
Angel,Walton,"83 Philmont Ave., Katy, TX 77450",(594) 978-6088
Sara,Davidson,"5 Cherry Hill Drive, San Antonio, TX 78207",(358) 798-9060
Deanna,Mckinney,"7331 Chapel Street, Garland, TX 75043",(184) 595-3097
Carter,Bryan,"623 Wellington Drive, Baytown, TX 77521",(490) 235-1326
Mckenzie,Hood,"211 Fairground St., Houston, TX 77084",(453) 766-8061
Teagan,Griffin,"53 Sherwood St., Humble, TX 77346",(187) 697-3373
Kaliyah,Chung,"889 53rd Ave., Amarillo, TX 79109",(752) 557-4358
Khalil,Fry,"477 W. Old York Dr., Richardson, TX 75081",(549) 179-1707
Elisa,Dennis,"9139 Cedar Swamp Drive, Houston, TX 77042",(233) 183-6466
Harley,Schroeder,"7411 Wild Rose Dr., Houston, TX 77009",(402) 756-2085
Journey,Cardenas,"175 Cherry Hill Avenue, Weslaco, TX 78596",(542) 598-6124
Ronan,Jacobson,"9 Birch Hill Rd., San Antonio, TX 78247",(789) 128-7783
Ashton,Howell,"294 Division St., San Angelo, TX 76903",(724) 383-3358
Uriel,Humphrey,"7041 Country Avenue, Houston, TX 77017",(204) 123-1579
Lillian,Fleming,"936 Oxford Circle, Harlingen, TX 78552",(293) 887-3575
Matias,Porter,"245 Trenton Ave., Palestine, TX 75801",(218) 540-9021
Meredith,Lester,"698 Wagon Dr., Red Oak, TX 75154",(130) 236-8793
Rafael,Holmes,"412 East Penn Street, Donna, TX 78537",(256) 638-7053
Hadassah,Knight,"8283 St Louis Drive, Fort Worth, TX 76112",(494) 537-5253
Janiyah,Duke,"8838 Pin Oak St., Odessa, TX 79761",(253) 194-6620
Mara,Evans,"828 Valley Lane, Odessa, TX 79761",(763) 897-1080
Ellie,Joyce,"131 Magnolia Lane, San Antonio, TX 78201",(682) 187-5066
Adelaide,Harris,"76 School St., Houston, TX 77040",(176) 481-8453
Natasha,Riggs,"8788 South Saxton Avenue, Pflugerville, TX 78660",(219) 366-7941
Skyler,Bailey,"63 School Street, Dallas, TX 75248",(764) 588-8650
Sharon,Dyer,"8673 Smith Store St., Deer Park, TX 77536",(564) 633-4501
Amy,Salinas,"9649 E. Shore St., El Paso, TX 79905",(713) 807-9978
Aryanna,Mcdaniel,"646 Argyle Road, Pearland, TX 77581",(156) 155-7955
Lindsay,Hendrix,"29 Oak Valley Avenue, Orange, TX 77630",(770) 920-9415
Celeste,Norris,"575 Theatre St., Cleveland, TX 77327",(748) 689-7845
Alexzander,Juarez,"78 East Poplar Ave., San Marcos, TX 78666",(107) 654-3115
Reilly,Kent,"9380 Golf Court, Garland, TX 75043",(104) 594-3674
Kailee,Saunders,"153 Lincoln Drive, Arlington, TX 76017",(521) 185-2127
Brennen,Bernard,"7138 Schoolhouse Ave., Carrollton, TX 75006",(499) 992-7154
Gilbert,Ferguson,"9715 Wood Rd., Laredo, TX 78045",(537) 815-4573
Jovanny,Mcclain,"9686 Squaw Creek Avenue, Round Rock, TX 78664",(795) 949-8427
Angelica,Watkins,"305 Tailwater Lane, Houston, TX 77024",(529) 469-9006
Jayda,Gordon,"18 Academy St., Cleveland, TX 77327",(273) 294-9147
Patricia,Day,"8789 School St., Mercedes, TX 78570",(345) 114-7841
Sabrina,Sellers,"7091 Andover Circle, Livingston, TX 77351",(691) 490-5500
Annie,Pitts,"8092 S. Lookout Avenue, Coppell, TX 75019",(675) 745-9640
Seamus,Pena,"7391 Cambridge St., Austin, TX 78745",(561) 293-8434
Alessandro,Vance,"9534 North Tower Ave., Alvin, TX 77511",(352) 631-6391
Lailah,Thornton,"882 Sierra Court, Irving, TX 75060",(598) 908-9049
Finley,Booker,"7 SW. Valley View Street, San Antonio, TX 78230",(603) 496-9719
Phillip,Grant,"15 Pilgrim Street, McAllen, TX 78504",(127) 766-3242
Yandel,Novak,"987 Virginia Court, San Antonio, TX 78240",(738) 278-7461
Gideon,Roberson,"8197 W. Glen Eagles St., Houston, TX 77063",(733) 322-6140
Porter,Andrade,"652 Park Ave., Katy, TX 77449",(308) 610-2057
Nathanial,Cowan,"22 Sulphur Springs Ave., Desoto, TX 75115",(353) 594-3552
Aryana,Yu,"304 Lancaster Street, Austin, TX 78753",(554) 254-6531
Jeffrey,Michael,"32 N. Stonybrook Drive, San Antonio, TX 78245",(725) 421-1712
Terrell,Mcconnell,"7121 Brewery Court, San Antonio, TX 78242",(368) 931-6531
Alayna,Dixon,"19 Pineknoll Street, Allen, TX 75002",(248) 517-1208
Cloe,Andersen,"7588 Railroad Ave., Dallas, TX 75230",(542) 493-7723
Kody,Cohen,"9445 Greystone Street, Arlington, TX 76011",(643) 806-9863
Malik,Dickerson,"70 Dogwood Ave., Desoto, TX 75115",(456) 382-7217
Presley,Ibarra,"561 South Grant Drive, Round Rock, TX 78664",(653) 870-5099
Alanna,Mccarty,"345 Somerset Dr., Houston, TX 77088",(778) 607-1608
Ellis,Hensley,"8159 South Heritage Ave., Cedar Hill, TX 75104",(745) 967-2638
Alyvia,Rodgers,"18 State Street, Plano, TX 75074",(357) 667-4838
Kole,Wright,"313 South Ryan Road, San Antonio, TX 78212",(375) 194-2918
Katelynn,Nelson,"9 Howard Dr., Denton, TX 76205",(494) 103-3945
Riley,Mcgrath,"9903 Glenridge Avenue, Kerrville, TX 78028",(437) 319-2143
Landon,Curry,"534 Elm Lane, Deer Park, TX 77536",(397) 622-2598
Marques,Frazier,"635 North Division Lane, Dallas, TX 75217",(192) 730-2375
Carl,Powers,"9323 Buckingham Ave., Garland, TX 75043",(619) 406-5662
Brenna,Morse,"49 Roosevelt St., Odessa, TX 79761",(599) 964-5368
Alfred,Morales,"637 Silver Spear Ave., Allen, TX 75002",(320) 169-7881
Beau,Gamble,"973 E. 10th St., Round Rock, TX 78664",(393) 677-9424
Lauryn,Mcintosh,"7003 Manor Avenue, Austin, TX 78723",(226) 447-4937
Ashlee,Faulkner,"8174 Boston Dr., Houston, TX 77093",(115) 810-7150
Dahlia,Jensen,"106 South Cedarwood St., Austin, TX 78758",(518) 192-7462
Ace,Garcia,"7167 Hillside St., Laredo, TX 78043",(626) 606-7206
Theresa,Oneill,"8969 Gainsway Lane, Dallas, TX 75208",(543) 314-6344
Lyla,Chan,"2 West Pawnee St., Houston, TX 77096",(704) 580-4973
Logan,Bruce,"74 Marvon St., Burleson, TX 76028",(586) 103-7181
Griffin,Castillo,"14 Prospect Court, Houston, TX 77042",(183) 944-2766
Bradyn,Mathis,"40 Johnson Drive, Fort Worth, TX 76112",(579) 189-8464
Andrea,Atkins,"184 Main Ave., Pharr, TX 78577",(619) 812-4682
Keshawn,Newton,"933 Longfellow Dr., Houston, TX 77017",(505) 728-4268
Taylor,Bowman,"9840 E. Trusel Road, Grand Prairie, TX 75050",(201) 441-4027
Allison,Clark,"7496 West Somerset Lane, Grand Prairie, TX 75052",(743) 934-2499
Asher,Sullivan,"989 Lincoln Street, Missouri City, TX 77489",(372) 384-2377
Jacey,Mata,"795 N. Wayne St., Arlington, TX 76010",(268) 780-4393
Todd,Gray,"355 Kent Road, Houston, TX 77077",(503) 434-2604
Rashad,Manning,"37 Warren St., Houston, TX 77063",(717) 752-4410
Miracle,Haney,"9 Johnson Dr., Houston, TX 77076",(158) 990-4122
Keith,Ewing,"8714 Green Ave., Deer Park, TX 77536",(758) 998-6969
Lilyana,Morrow,"7964 Campfire Court, Donna, TX 78537",(332) 375-9024
Colt,Barron,"99 Gulf Court, Laredo, TX 78046",(322) 163-7593
Camren,Park,"54 Bay Meadows Dr., Corpus Christi, TX 78415",(721) 502-9976
Alana,Bowen,"26 Cemetery Dr., Arlington, TX 76011",(131) 926-1877
Corey,Lowery,"29 Atlantic St., Sugar Land, TX 77479",(549) 554-4053
Erin,Potter,"9685 Walnut Dr., Dallas, TX 75232",(532) 793-6277
Makai,Cain,"472 Railroad St., Rosenberg, TX 77471",(626) 671-9114
Reuben,Charles,"7340 Prospect Avenue, New Braunfels, TX 78130",(634) 179-7605
